obstacle_id,timestep,x_position,y_position,orientation,velocity,acceleration,lanelet_id,distance
20039,1,-64.7112,31.5258,2.8515,0.0,0.0,117,6.099530271258605
20039,2,-64.7112,31.5258,2.8515,0.0,0.0,117,5.266642013655388
20039,3,-64.7112,31.5258,2.8515,0.0,0.0,117,4.509939317773581
20039,4,-64.7112,31.5258,2.8515,0.0,0.0,117,3.826385918853458
